,age,age,bmi
,mean,std,mean
site,,,
site a,81.21329639889197,13.728106093833471,25.875182735816217
site b,80.44402985074628,13.426288371080574,25.70668085106383
site c,80.75098619329388,13.371494543188007,25.789583333333333
site d,80.75558564658091,13.465774300769032,25.565682137834038
site e,80.41507537688442,13.750126169874637,25.47650158061117
