,age,age,bmi
,mean,std,mean
site,,,
site a,80.87311320754716,13.832253098891835,25.814952830188677
site b,80.5151338766007,13.455574274046594,25.70162980209546
site c,81.02418797512094,13.245687557853318,25.782031789910157
site d,81.0,13.214500212759301,25.558870168483647
site e,80.5262390670554,13.724985352087856,25.529737609329448
